Workbook

Sheet Student Data
A1: StudentID | B1: Name | C1: Class | D1: Attendance% | E1: Test1 | F1: Test2 | G1: Test3 | H1: FinalExam | I1: Average | J1: Status
A2: STU1001 | B2: Amit Khan | C2: Grade 9-A | D2: 90.8 | E2: 81 | F2: 87 | G2: 97 | H2: 93 | I2: =AVERAGE(E2:H2) -> 89.5 | J2: =IF(OR(I2<60,D2<75),"At Risk",IF(I2<70,"Watch","OK")) -> OK
A3: STU1002 | B3: Nikhil Iyer | C3: Grade 11-A | D3: 83.2 | E3: 81 | F3: 75 | G3: 70 | H3: 73 | I3: =AVERAGE(E3:H3) -> 74.75 | J3: =IF(OR(I3<60,D3<75),"At Risk",IF(I3<70,"Watch","OK")) -> OK
A4: STU1003 | B4: Reyansh Pillai | C4: Grade 10-B | D4: 76.8 | E4: 48 | F4: 55 | G4: 89 | H4: 68 | I4: =AVERAGE(E4:H4) -> 65 | J4: =IF(OR(I4<60,D4<75),"At Risk",IF(I4<70,"Watch","OK")) -> Watch
A5: STU1004 | B5: Siddharth Malhotra | C5: Grade 10-A | D5: 78.9 | E5: 73 | F5: 89 | G5: 78 | H5: 76 | I5: =AVERAGE(E5:H5) -> 79 | J5: =IF(OR(I5<60,D5<75),"At Risk",IF(I5<70,"Watch","OK")) -> OK
A6: STU1005 | B6: Rahul Chopra | C6: Grade 11-A | D6: 78.4 | E6: 81 | F6: 72 | G6: 88 | H6: 88 | I6: =AVERAGE(E6:H6) -> 82.25 | J6: =IF(OR(I6<60,D6<75),"At Risk",IF(I6<70,"Watch","OK")) -> OK
A7: STU1006 | B7: Ishita Pillai | C7: Grade 10-A | D7: 92.6 | E7: 65 | F7: 66 | G7: 66 | H7: 74 | I7: =AVERAGE(E7:H7) -> 67.75 | J7: =IF(OR(I7<60,D7<75),"At Risk",IF(I7<70,"Watch","OK")) -> Watch
A8: STU1007 | B8: Rohan Nair | C8: Grade 10-A | D8: 97.8 | E8: 100 | F8: 69 | G8: 78 | H8: 97 | I8: =AVERAGE(E8:H8) -> 86 | J8: =IF(OR(I8<60,D8<75),"At Risk",IF(I8<70,"Watch","OK")) -> OK
A9: STU1008 | B9: Simran Gupta | C9: Grade 10-A | D9: 81.3 | E9: 62 | F9: 55 | G9: 69 | H9: 67 | I9: =AVERAGE(E9:H9) -> 63.25 | J9: =IF(OR(I9<60,D9<75),"At Risk",IF(I9<70,"Watch","OK")) -> Watch
A10: STU1009 | B10: Amit Gupta | C10: Grade 11-A | D10: 90.5 | E10: 87 | F10: 91 | G10: 98 | H10: 79 | I10: =AVERAGE(E10:H10) -> 88.75 | J10: =IF(OR(I10<60,D10<75),"At Risk",IF(I10<70,"Watch","OK")) -> OK
A11: STU1010 | B11: Ritika Nair | C11: Grade 10-A | D11: 92.9 | E11: 84 | F11: 74 | G11: 93 | H11: 85 | I11: =AVERAGE(E11:H11) -> 84 | J11: =IF(OR(I11<60,D11<75),"At Risk",IF(I11<70,"Watch","OK")) -> OK
A12: STU1011 | B12: Riya Iyer | C12: Grade 9-B | D12: 94.7 | E12: 67 | F12: 77 | G12: 88 | H12: 98 | I12: =AVERAGE(E12:H12) -> 82.5 | J12: =IF(OR(I12<60,D12<75),"At Risk",IF(I12<70,"Watch","OK")) -> OK
A13: STU1012 | B13: Shreya Bhat | C13: Grade 9-B | D13: 78.4 | E13: 69 | F13: 84 | G13: 67 | H13: 84 | I13: =AVERAGE(E13:H13) -> 76 | J13: =IF(OR(I13<60,D13<75),"At Risk",IF(I13<70,"Watch","OK")) -> OK
... A121: STU1120 | B121: Pooja Sharma | C121: Grade 9-A | D121: 80.4 | E121: 81 | F121: 74 | G121: 62 | H121: 74 | I121: =AVERAGE(E121:H121) -> 72.75 | J121: =IF(OR(I121<60,D121<75),"At Risk",IF(I121<70,"Watch","OK")) -> OK

Sheet Student Lookup
A1: STUDENT LOOKUP TOOL
A3: Enter Student ID: | B3: STU1001
A5: Name | B5: =IFERROR(VLOOKUP($B$3,'Student Data'!$A$2:$J$121,2,FALSE()),"Not found") -> Amit Khan
A6: Class | B6: =IFERROR(VLOOKUP($B$3,'Student Data'!$A$2:$J$121,3,FALSE()),"Not found") -> Grade 9-A
A7: Attendance% | B7: =IFERROR(VLOOKUP($B$3,'Student Data'!$A$2:$J$121,4,FALSE()),"Not found") -> 90.8
A8: Test 1 | B8: =IFERROR(VLOOKUP($B$3,'Student Data'!$A$2:$J$121,5,FALSE()),"Not found") -> 81
A9: Test 2 | B9: =IFERROR(VLOOKUP($B$3,'Student Data'!$A$2:$J$121,6,FALSE()),"Not found") -> 87
A10: Test 3 | B10: =IFERROR(VLOOKUP($B$3,'Student Data'!$A$2:$J$121,7,FALSE()),"Not found") -> 97
A11: Final Exam | B11: =IFERROR(VLOOKUP($B$3,'Student Data'!$A$2:$J$121,8,FALSE()),"Not found") -> 93
A12: Average | B12: =IFERROR(VLOOKUP($B$3,'Student Data'!$A$2:$J$121,9,FALSE()),"Not found") -> 89.5
A13: Status | B13: =IFERROR(VLOOKUP($B$3,'Student Data'!$A$2:$J$121,10,FALSE()),"Not found") -> OK

Sheet Class Summary
A1: CLASS-WISE SUMMARY
A3: Class | B3: Students | C3: Avg Attendance% | D3: Avg Score | E3: At Risk Count
A4: Grade 10-A | B4: =COUNTIF('Student Data'!$C$2:$C$121,A4) -> 24 | C4: =ROUND(AVERAGEIF('Student Data'!$C$2:$C$121,A4,'Student Data'!$D$2:$D$121),1) -> 84 | D4: =ROUND(AVERAGEIF('Student Data'!$C$2:$C$121,A4,'Student Data'!$I$2:$I$121),1) -> 73.2 | E4: =COUNTIFS('Student Data'!$C$2:$C$121,A4,'Student Data'!$J$2:$J$121,"At Risk") -> 2
A5: Grade 10-B | B5: =COUNTIF('Student Data'!$C$2:$C$121,A5) -> 23 | C5: =ROUND(AVERAGEIF('Student Data'!$C$2:$C$121,A5,'Student Data'!$D$2:$D$121),1) -> 84.1 | D5: =ROUND(AVERAGEIF('Student Data'!$C$2:$C$121,A5,'Student Data'!$I$2:$I$121),1) -> 73.6 | E5: =COUNTIFS('Student Data'!$C$2:$C$121,A5,'Student Data'!$J$2:$J$121,"At Risk") -> 3
A6: Grade 11-A | B6: =COUNTIF('Student Data'!$C$2:$C$121,A6) -> 29 | C6: =ROUND(AVERAGEIF('Student Data'!$C$2:$C$121,A6,'Student Data'!$D$2:$D$121),1) -> 85 | D6: =ROUND(AVERAGEIF('Student Data'!$C$2:$C$121,A6,'Student Data'!$I$2:$I$121),1) -> 76.7 | E6: =COUNTIFS('Student Data'!$C$2:$C$121,A6,'Student Data'!$J$2:$J$121,"At Risk") -> 6
A7: Grade 9-A | B7: =COUNTIF('Student Data'!$C$2:$C$121,A7) -> 24 | C7: =ROUND(AVERAGEIF('Student Data'!$C$2:$C$121,A7,'Student Data'!$D$2:$D$121),1) -> 87.4 | D7: =ROUND(AVERAGEIF('Student Data'!$C$2:$C$121,A7,'Student Data'!$I$2:$I$121),1) -> 79.4 | E7: =COUNTIFS('Student Data'!$C$2:$C$121,A7,'Student Data'!$J$2:$J$121,"At Risk") -> 1
A8: Grade 9-B | B8: =COUNTIF('Student Data'!$C$2:$C$121,A8) -> 20 | C8: =ROUND(AVERAGEIF('Student Data'!$C$2:$C$121,A8,'Student Data'!$D$2:$D$121),1) -> 83.5 | D8: =ROUND(AVERAGEIF('Student Data'!$C$2:$C$121,A8,'Student Data'!$I$2:$I$121),1) -> 73.9 | E8: =COUNTIFS('Student Data'!$C$2:$C$121,A8,'Student Data'!$J$2:$J$121,"At Risk") -> 3
